airline,flight,source_city,departure_time,stops,arrival_time,destination_city,class,duration,predicted_fare
SpiceJet,SG-251,Mumbai,Night,zero,Night,Chennai,Economy,1.83,6756
GO_FIRST,G8-305,Mumbai,Early_Morning,zero,Early_Morning,Chennai,Economy,1.92,7083
Indigo,6E-5368,Mumbai,Night,zero,Night,Chennai,Economy,1.83,7115
SpiceJet,SG-5019,Mumbai,Evening,zero,Night,Chennai,Economy,1.83,7158
SpiceJet,SG-611,Mumbai,Early_Morning,zero,Early_Morning,Chennai,Economy,2.0,7185
SpiceJet,SG-6003,Mumbai,Early_Morning,zero,Early_Morning,Chennai,Economy,2.0,7274
GO_FIRST,G8-303,Mumbai,Night,zero,Night,Chennai,Economy,2.08,7404
GO_FIRST,G8-303,Mumbai,Evening,zero,Night,Chennai,Economy,2.0,7405
GO_FIRST,G8-305,Mumbai,Early_Morning,zero,Early_Morning,Chennai,Economy,1.83,7557
SpiceJet,SG-251,Mumbai,Evening,zero,Night,Chennai,Economy,1.83,7650
Indigo,6E-5375,Mumbai,Evening,zero,Evening,Chennai,Economy,1.83,7749
Indigo,6E-5307,Mumbai,Morning,zero,Afternoon,Chennai,Economy,2.0,7831
Air_India,AI-671,Mumbai,Morning,zero,Morning,Chennai,Economy,1.92,7897
Indigo,6E-907,Mumbai,Early_Morning,zero,Morning,Chennai,Economy,2.0,7987
Indigo,6E-911,Mumbai,Night,zero,Night,Chennai,Economy,2.08,8008
Air_India,AI-570,Mumbai,Early_Morning,zero,Early_Morning,Chennai,Economy,1.92,8024
Indigo,6E-5308,Mumbai,Afternoon,zero,Evening,Chennai,Economy,1.92,8034
Air_India,AI-570,Mumbai,Early_Morning,zero,Early_Morning,Chennai,Economy,2.0,8076
Indigo,6E-6094,Mumbai,Night,zero,Late_Night,Chennai,Economy,2.08,8200
AirAsia,I5-942,Mumbai,Afternoon,one,Evening,Chennai,Economy,3.42,8301
Indigo,6E-5352,Mumbai,Night,zero,Late_Night,Chennai,Economy,1.92,8425
Indigo,6E-5375,Mumbai,Evening,zero,Evening,Chennai,Economy,1.92,8475
Indigo,6E-5379,Mumbai,Evening,zero,Night,Chennai,Economy,2.08,8586
Vistara,UK-823,Mumbai,Evening,zero,Evening,Chennai,Economy,2.08,8597
Vistara,UK-827,Mumbai,Night,zero,Night,Chennai,Economy,2.08,8680
Indigo,6E-5332,Mumbai,Early_Morning,zero,Morning,Chennai,Economy,2.0,8727
Vistara,UK-825,Mumbai,Morning,zero,Morning,Chennai,Economy,2.08,8830
Indigo,6E-5337,Mumbai,Afternoon,zero,Evening,Chennai,Economy,2.08,8884
Indigo,6E-136,Mumbai,Early_Morning,zero,Early_Morning,Chennai,Economy,1.92,8968
Indigo,6E-5307,Mumbai,Morning,zero,Afternoon,Chennai,Economy,2.08,9009
GO_FIRST,G8-384,Mumbai,Night,one,Morning,Chennai,Economy,12.58,9259
Vistara,UK-821,Mumbai,Early_Morning,zero,Morning,Chennai,Economy,2.08,9295
Indigo,6E-5217,Mumbai,Evening,one,Night,Chennai,Economy,3.75,9365
GO_FIRST,G8-364,Mumbai,Evening,one,Late_Night,Chennai,Economy,5.67,9379
AirAsia,I5-336,Mumbai,Night,one,Early_Morning,Chennai,Economy,11.42,9568
GO_FIRST,G8-575,Mumbai,Early_Morning,one,Morning,Chennai,Economy,5.67,9669
AirAsia,I5-942,Mumbai,Afternoon,one,Evening,Chennai,Economy,4.33,9677
Indigo,6E-5338,Mumbai,Morning,one,Afternoon,Chennai,Economy,4.0,9706
AirAsia,I5-336,Mumbai,Night,one,Morning,Chennai,Economy,12.33,9795
GO_FIRST,G8-244,Mumbai,Evening,one,Late_Night,Chennai,Economy,7.0,9839
GO_FIRST,G8-364,Mumbai,Evening,one,Late_Night,Chennai,Economy,5.92,9849
Indigo,6E-234,Mumbai,Evening,one,Late_Night,Chennai,Economy,4.42,9862
AirAsia,I5-1569,Mumbai,Night,one,Morning,Chennai,Economy,11.17,9928
Indigo,6E-5359,Mumbai,Early_Morning,one,Morning,Chennai,Economy,4.42,10082
Indigo,6E-5371,Mumbai,Evening,one,Late_Night,Chennai,Economy,4.5,10202
Indigo,6E-5217,Mumbai,Evening,one,Night,Chennai,Economy,5.75,10236
Indigo,6E-6818,Mumbai,Evening,one,Late_Night,Chennai,Economy,5.67,10244
Indigo,6E-5236,Mumbai,Early_Morning,one,Morning,Chennai,Economy,7.17,10270
Indigo,6E-448,Mumbai,Evening,one,Late_Night,Chennai,Economy,7.5,10278
Indigo,6E-461,Mumbai,Early_Morning,one,Morning,Chennai,Economy,5.08,10349
Indigo,6E-6292,Mumbai,Afternoon,one,Night,Chennai,Economy,9.42,10425
Indigo,6E-5217,Mumbai,Evening,one,Late_Night,Chennai,Economy,8.08,10450
Indigo,6E-6818,Mumbai,Evening,one,Late_Night,Chennai,Economy,5.92,10483
Indigo,6E-5208,Mumbai,Evening,one,Night,Chennai,Economy,4.92,10491
Indigo,6E-434,Mumbai,Afternoon,one,Night,Chennai,Economy,4.33,10515
AirAsia,I5-1569,Mumbai,Night,one,Early_Morning,Chennai,Economy,10.25,10552
AirAsia,I5-338,Mumbai,Night,one,Morning,Chennai,Economy,12.33,10561
Indigo,6E-5209,Mumbai,Early_Morning,one,Afternoon,Chennai,Economy,8.83,10599
Indigo,6E-5366,Mumbai,Morning,one,Afternoon,Chennai,Economy,6.42,10603
Indigo,6E-448,Mumbai,Evening,one,Night,Chennai,Economy,5.17,10624
Indigo,6E-5236,Mumbai,Early_Morning,one,Afternoon,Chennai,Economy,7.67,10630
Indigo,6E-5396,Mumbai,Morning,one,Afternoon,Chennai,Economy,6.17,10661
Indigo,6E-5317,Mumbai,Afternoon,one,Night,Chennai,Economy,9.42,10741
Indigo,6E-5338,Mumbai,Morning,one,Afternoon,Chennai,Economy,7.42,10751
Indigo,6E-461,Mumbai,Early_Morning,one,Afternoon,Chennai,Economy,8.92,10758
AirAsia,I5-941,Mumbai,Early_Morning,one,Night,Chennai,Economy,14.92,10759
Indigo,6E-5312,Mumbai,Morning,one,Afternoon,Chennai,Economy,4.33,10761
GO_FIRST,G8-2504,Mumbai,Afternoon,one,Late_Night,Chennai,Economy,11.5,10822
SpiceJet,SG-488,Mumbai,Morning,one,Evening,Chennai,Economy,6.83,10845
Indigo,6E-6463,Mumbai,Early_Morning,one,Morning,Chennai,Economy,5.08,10849
Indigo,6E-5359,Mumbai,Early_Morning,one,Afternoon,Chennai,Economy,8.25,10864
SpiceJet,SG-475,Mumbai,Night,one,Evening,Chennai,Economy,18.67,10867
Indigo,6E-354,Mumbai,Afternoon,one,Night,Chennai,Economy,7.58,10880
Indigo,6E-434,Mumbai,Afternoon,one,Late_Night,Chennai,Economy,8.42,10905
Indigo,6E-236,Mumbai,Evening,one,Night,Chennai,Economy,6.58,10945
Indigo,6E-234,Mumbai,Evening,one,Early_Morning,Chennai,Economy,9.92,10962
AirAsia,I5-631,Mumbai,Morning,one,Afternoon,Chennai,Economy,6.75,10965
Indigo,6E-354,Mumbai,Afternoon,one,Evening,Chennai,Economy,6.08,11011
Indigo,6E-6123,Mumbai,Early_Morning,one,Morning,Chennai,Economy,5.75,11023
Indigo,6E-5398,Mumbai,Morning,one,Evening,Chennai,Economy,8.0,11023
Indigo,6E-6258,Mumbai,Morning,one,Night,Chennai,Economy,10.67,11043
Indigo,6E-6463,Mumbai,Early_Morning,one,Afternoon,Chennai,Economy,5.58,11079
Indigo,6E-711,Mumbai,Afternoon,one,Night,Chennai,Economy,7.58,11103
Indigo,6E-6123,Mumbai,Early_Morning,one,Afternoon,Chennai,Economy,9.58,11114
Indigo,6E-5398,Mumbai,Morning,one,Afternoon,Chennai,Economy,6.0,11119
Indigo,6E-5236,Mumbai,Early_Morning,one,Morning,Chennai,Economy,5.58,11131
AirAsia,I5-631,Mumbai,Morning,one,Night,Chennai,Economy,13.17,11139
Indigo,6E-434,Mumbai,Afternoon,one,Night,Chennai,Economy,6.08,11148
Indigo,6E-818,Mumbai,Early_Morning,one,Morning,Chennai,Economy,4.25,11160
Indigo,6E-5312,Mumbai,Morning,one,Evening,Chennai,Economy,6.67,11161
Indigo,6E-6809,Mumbai,Evening,one,Night,Chennai,Economy,4.75,11273
Indigo,6E-5208,Mumbai,Evening,one,Late_Night,Chennai,Economy,7.25,11296
Indigo,6E-219,Mumbai,Afternoon,one,Evening,Chennai,Economy,4.92,11320
Indigo,6E-354,Mumbai,Afternoon,one,Evening,Chennai,Economy,6.17,11342
Indigo,6E-6051,Mumbai,Evening,one,Night,Chennai,Economy,5.08,11383
Indigo,6E-5209,Mumbai,Early_Morning,one,Morning,Chennai,Economy,5.0,11389
Indigo,6E-6292,Mumbai,Afternoon,one,Evening,Chennai,Economy,5.58,11390
Indigo,6E-6463,Mumbai,Early_Morning,one,Afternoon,Chennai,Economy,9.0,11402
Indigo,6E-5312,Mumbai,Morning,one,Night,Chennai,Economy,9.33,11418
Indigo,6E-354,Mumbai,Afternoon,one,Evening,Chennai,Economy,4.92,11424
Indigo,6E-818,Mumbai,Early_Morning,one,Afternoon,Chennai,Economy,8.08,11454
Indigo,6E-5312,Mumbai,Morning,one,Night,Chennai,Economy,9.5,11476
Indigo,6E-354,Mumbai,Afternoon,one,Night,Chennai,Economy,7.33,11478
Indigo,6E-5312,Mumbai,Morning,one,Evening,Chennai,Economy,6.92,11504
Indigo,6E-5316,Mumbai,Late_Night,one,Morning,Chennai,Economy,9.17,11509
Indigo,6E-331,Mumbai,Evening,one,Night,Chennai,Economy,4.92,11594
Indigo,6E-5214,Mumbai,Morning,one,Evening,Chennai,Economy,5.08,11640
Indigo,6E-5396,Mumbai,Afternoon,one,Night,Chennai,Economy,7.08,11657
Indigo,6E-6109,Mumbai,Morning,one,Afternoon,Chennai,Economy,5.67,11706
Indigo,6E-354,Mumbai,Afternoon,one,Evening,Chennai,Economy,4.75,11735
AirAsia,I5-941,Mumbai,Early_Morning,one,Afternoon,Chennai,Economy,7.5,11741
Indigo,6E-219,Mumbai,Afternoon,one,Night,Chennai,Economy,9.42,11779
Air_India,AI-623,Mumbai,Night,one,Early_Morning,Chennai,Economy,10.75,11783
Indigo,6E-5342,Mumbai,Afternoon,one,Evening,Chennai,Economy,5.58,11806
Air_India,AI-864,Mumbai,Early_Morning,one,Early_Morning,Chennai,Economy,25.0,11912
Air_India,AI-619,Mumbai,Night,one,Early_Morning,Chennai,Economy,11.75,11930
Indigo,6E-354,Mumbai,Afternoon,one,Night,Chennai,Economy,9.33,11955
Indigo,6E-6206,Mumbai,Afternoon,one,Evening,Chennai,Economy,7.0,11975
Indigo,6E-818,Mumbai,Early_Morning,one,Evening,Chennai,Economy,10.42,12032
Indigo,6E-5366,Mumbai,Morning,one,Evening,Chennai,Economy,9.75,12050
Indigo,6E-5396,Mumbai,Morning,one,Evening,Chennai,Economy,7.5,12065
Vistara,UK-940,Mumbai,Evening,one,Night,Chennai,Economy,24.5,12148
Air_India,AI-806,Mumbai,Early_Morning,one,Morning,Chennai,Economy,24.92,12203
Indigo,6E-5312,Mumbai,Morning,one,Evening,Chennai,Economy,8.08,12221
Air_India,AI-888,Mumbai,Evening,one,Night,Chennai,Economy,27.58,12224
Vistara,UK-950,Mumbai,Night,one,Night,Chennai,Economy,24.83,12259
Air_India,AI-867,Mumbai,Night,one,Morning,Chennai,Economy,11.42,12266
Air_India,AI-619,Mumbai,Evening,one,Night,Chennai,Economy,4.5,12296
Vistara,UK-940,Mumbai,Evening,one,Night,Chennai,Economy,27.0,12333
Air_India,AI-635,Mumbai,Early_Morning,one,Early_Morning,Chennai,Economy,24.92,12360
Vistara,UK-988,Mumbai,Night,one,Night,Chennai,Economy,23.33,12360
Vistara,UK-970,Mumbai,Morning,one,Morning,Chennai,Economy,25.17,12397
Air_India,AI-806,Mumbai,Early_Morning,one,Early_Morning,Chennai,Economy,24.0,12435
Air_India,AI-809,Mumbai,Morning,one,Early_Morning,Chennai,Economy,22.0,12442
Indigo,6E-932,Mumbai,Morning,one,Evening,Chennai,Economy,11.17,12476
Air_India,AI-442,Mumbai,Afternoon,one,Early_Morning,Chennai,Economy,16.42,12498
Air_India,AI-867,Mumbai,Night,one,Night,Chennai,Economy,25.08,12508
Air_India,AI-888,Mumbai,Evening,one,Afternoon,Chennai,Economy,17.83,12594
Air_India,AI-867,Mumbai,Night,one,Night,Chennai,Economy,26.08,12610
Air_India,AI-442,Mumbai,Afternoon,one,Afternoon,Chennai,Economy,21.42,12627
Air_India,AI-809,Mumbai,Morning,one,Morning,Chennai,Economy,22.92,12644
Air_India,AI-864,Mumbai,Early_Morning,one,Night,Chennai,Economy,16.58,12675
Vistara,UK-996,Mumbai,Evening,one,Night,Chennai,Economy,25.75,12700
Vistara,UK-958,Mumbai,Afternoon,one,Morning,Chennai,Economy,21.5,12702
Air_India,AI-867,Mumbai,Night,one,Night,Chennai,Economy,25.67,12720
Vistara,UK-954,Mumbai,Early_Morning,one,Night,Chennai,Economy,14.25,12721
Air_India,AI-888,Mumbai,Evening,one,Morning,Chennai,Economy,13.92,12723
Air_India,AI-442,Mumbai,Afternoon,one,Afternoon,Chennai,Economy,21.08,12734
Vistara,UK-928,Mumbai,Early_Morning,one,Night,Chennai,Economy,16.25,12734
Air_India,AI-635,Mumbai,Early_Morning,one,Night,Chennai,Economy,16.5,12745
Air_India,AI-619,Mumbai,Night,one,Night,Chennai,Economy,26.33,12759
Air_India,AI-806,Mumbai,Early_Morning,one,Night,Chennai,Economy,15.58,12763
Vistara,UK-986,Mumbai,Night,one,Night,Chennai,Economy,24.0,12793
Air_India,AI-679,Mumbai,Morning,one,Evening,Chennai,Economy,5.83,12808
Vistara,UK-958,Mumbai,Afternoon,one,Evening,Chennai,Economy,27.92,12820
Air_India,AI-888,Mumbai,Evening,one,Afternoon,Chennai,Economy,17.67,12828
Vistara,UK-996,Mumbai,Evening,one,Night,Chennai,Economy,28.25,12850
Vistara,UK-988,Mumbai,Night,one,Night,Chennai,Economy,25.83,12858
Vistara,UK-994,Mumbai,Morning,one,Night,Chennai,Economy,12.33,12858
Air_India,AI-635,Mumbai,Early_Morning,one,Afternoon,Chennai,Economy,29.58,12868
Air_India,AI-615,Mumbai,Early_Morning,one,Early_Morning,Chennai,Economy,26.25,12882
Air_India,AI-615,Mumbai,Early_Morning,one,Night,Chennai,Economy,16.83,12888
Vistara,UK-994,Mumbai,Morning,one,Morning,Chennai,Economy,23.5,12894
Vistara,UK-944,Mumbai,Afternoon,one,Evening,Chennai,Economy,25.67,12902
Vistara,UK-970,Mumbai,Morning,one,Night,Chennai,Economy,14.0,12951
Air_India,AI-673,Mumbai,Early_Morning,one,Morning,Chennai,Economy,27.08,12959
Vistara,UK-928,Mumbai,Early_Morning,one,Night,Chennai,Economy,13.75,12964
Air_India,AI-660,Mumbai,Evening,one,Early_Morning,Chennai,Economy,14.0,12978
Air_India,AI-635,Mumbai,Early_Morning,one,Night,Chennai,Economy,14.25,12982
Air_India,AI-809,Mumbai,Morning,one,Evening,Chennai,Economy,9.0,12992
Air_India,AI-442,Mumbai,Afternoon,one,Night,Chennai,Economy,8.0,13005
Air_India,AI-864,Mumbai,Early_Morning,one,Night,Chennai,Economy,14.33,13030
Air_India,AI-809,Mumbai,Morning,one,Afternoon,Chennai,Economy,26.08,13048
Vistara,UK-910,Mumbai,Evening,one,Night,Chennai,Economy,26.67,13050
Air_India,AI-809,Mumbai,Morning,one,Night,Chennai,Economy,13.58,13064
Air_India,AI-888,Mumbai,Evening,one,Evening,Chennai,Economy,24.0,13072
Vistara,UK-996,Mumbai,Evening,one,Evening,Chennai,Economy,21.83,13076
Air_India,AI-635,Mumbai,Early_Morning,one,Morning,Chennai,Economy,25.83,13085
Air_India,AI-660,Mumbai,Evening,one,Afternoon,Chennai,Economy,18.83,13089
Air_India,AI-687,Mumbai,Afternoon,one,Morning,Chennai,Economy,16.92,13090
Air_India,AI-442,Mumbai,Afternoon,one,Morning,Chennai,Economy,17.33,13092
Vistara,UK-960,Mumbai,Morning,one,Morning,Chennai,Economy,22.0,13094
Vistara,UK-986,Mumbai,Night,one,Morning,Chennai,Economy,11.17,13167
Air_India,AI-623,Mumbai,Night,one,Night,Chennai,Economy,25.33,13175
Vistara,UK-994,Mumbai,Morning,one,Night,Chennai,Economy,9.83,13187
Air_India,AI-809,Mumbai,Morning,one,Afternoon,Chennai,Economy,26.67,13208
Vistara,UK-954,Mumbai,Early_Morning,one,Night,Chennai,Economy,16.75,13219
Air_India,AI-619,Mumbai,Evening,one,Early_Morning,Chennai,Economy,12.58,13229
Vistara,UK-928,Mumbai,Early_Morning,one,Evening,Chennai,Economy,9.33,13239
Air_India,AI-660,Mumbai,Evening,one,Morning,Chennai,Economy,14.92,13262
Vistara,UK-994,Mumbai,Morning,one,Evening,Chennai,Economy,5.92,13267
Vistara,UK-950,Mumbai,Night,one,Night,Chennai,Economy,22.33,13279
Air_India,AI-864,Mumbai,Early_Morning,one,Morning,Chennai,Economy,25.92,13288
Air_India,AI-809,Mumbai,Morning,one,Morning,Chennai,Economy,22.33,13335
Air_India,AI-660,Mumbai,Evening,one,Afternoon,Chennai,Economy,18.67,13343
Air_India,AI-442,Mumbai,Afternoon,one,Morning,Chennai,Economy,17.5,13358
Air_India,AI-806,Mumbai,Early_Morning,one,Afternoon,Chennai,Economy,28.67,13360
Vistara,UK-944,Mumbai,Afternoon,one,Night,Chennai,Economy,8.08,13364
Air_India,AI-888,Mumbai,Evening,one,Night,Chennai,Economy,28.92,13372
Vistara,UK-940,Mumbai,Evening,one,Morning,Chennai,Economy,14.17,13377
Vistara,UK-960,Mumbai,Morning,one,Evening,Chennai,Economy,28.42,13380
Vistara,UK-988,Mumbai,Night,one,Morning,Chennai,Economy,13.0,13381
Vistara,UK-928,Mumbai,Early_Morning,one,Morning,Chennai,Economy,26.92,13396
Air_India,AI-442,Mumbai,Afternoon,one,Night,Chennai,Economy,8.17,13434
Air_India,AI-660,Mumbai,Evening,one,Evening,Chennai,Economy,24.83,13461
Vistara,UK-988,Mumbai,Night,one,Evening,Chennai,Economy,19.42,13464
Air_India,AI-888,Mumbai,Evening,one,Night,Chennai,Economy,28.58,13491
Air_India,AI-442,Mumbai,Afternoon,one,Early_Morning,Chennai,Economy,16.58,13499
Vistara,UK-950,Mumbai,Night,one,Morning,Chennai,Economy,12.0,13511
Air_India,AI-607,Mumbai,Evening,one,Afternoon,Chennai,Economy,20.08,13536
Vistara,UK-928,Mumbai,Early_Morning,one,Night,Chennai,Economy,15.75,13558
Air_India,AI-675,Mumbai,Early_Morning,one,Night,Chennai,Economy,17.75,13639
Vistara,UK-996,Mumbai,Evening,one,Morning,Chennai,Economy,15.42,13641
Vistara,UK-928,Mumbai,Early_Morning,one,Morning,Chennai,Economy,27.42,13685
Vistara,UK-986,Mumbai,Night,one,Night,Chennai,Economy,21.5,13694
Air_India,AI-442,Mumbai,Afternoon,one,Night,Chennai,Economy,31.17,13701
Air_India,AI-687,Mumbai,Afternoon,one,Early_Morning,Chennai,Economy,16.0,13720
Vistara,UK-910,Mumbai,Evening,one,Evening,Chennai,Economy,22.75,13728
Indigo,6E-179,Mumbai,Morning,one,Night,Chennai,Economy,10.17,13756
Vistara,UK-930,Mumbai,Early_Morning,one,Morning,Chennai,Economy,26.42,13759
Air_India,AI-864,Mumbai,Early_Morning,one,Evening,Chennai,Economy,12.0,13774
Air_India,AI-660,Mumbai,Evening,one,Afternoon,Chennai,Economy,18.5,13776
Air_India,AI-809,Mumbai,Morning,one,Night,Chennai,Economy,13.0,13786
Vistara,UK-930,Mumbai,Early_Morning,one,Night,Chennai,Economy,15.25,13794
Air_India,AI-867,Mumbai,Night,one,Afternoon,Chennai,Economy,15.17,13799
Air_India,AI-675,Mumbai,Early_Morning,one,Evening,Chennai,Economy,13.5,13815
Air_India,AI-442,Mumbai,Afternoon,one,Afternoon,Chennai,Economy,21.25,13827
Air_India,AI-774,Mumbai,Night,one,Afternoon,Chennai,Economy,17.0,13840
Vistara,UK-930,Mumbai,Early_Morning,one,Night,Chennai,Economy,12.75,13848
Air_India,AI-809,Mumbai,Morning,one,Evening,Chennai,Economy,8.42,13849
Vistara,UK-910,Mumbai,Evening,one,Morning,Chennai,Economy,16.33,13850
Air_India,AI-442,Mumbai,Afternoon,one,Evening,Chennai,Economy,27.42,13879
Air_India,AI-774,Mumbai,Night,one,Night,Chennai,Economy,24.42,13897
Air_India,AI-867,Mumbai,Night,one,Evening,Chennai,Economy,21.5,13925
Air_India,AI-660,Mumbai,Evening,one,Evening,Chennai,Economy,25.0,13944
Air_India,AI-864,Mumbai,Early_Morning,two_or_more,Early_Morning,Chennai,Economy,25.0,13953
Air_India,AI-888,Mumbai,Evening,one,Evening,Chennai,Economy,21.25,13966
Air_India,AI-864,Mumbai,Early_Morning,two_or_more,Morning,Chennai,Economy,25.92,13984
Vistara,UK-944,Mumbai,Afternoon,one,Morning,Chennai,Economy,19.25,14019
Air_India,AI-864,Mumbai,Early_Morning,two_or_more,Night,Chennai,Economy,16.58,14028
Air_India,AI-673,Mumbai,Early_Morning,one,Night,Chennai,Economy,15.25,14036
Air_India,AI-673,Mumbai,Early_Morning,one,Night,Chennai,Economy,13.42,14036
Vistara,UK-958,Mumbai,Afternoon,one,Night,Chennai,Economy,10.33,14040
Air_India,AI-864,Mumbai,Early_Morning,one,Evening,Chennai,Economy,12.67,14041
Vistara,UK-928,Mumbai,Early_Morning,one,Night,Chennai,Economy,13.25,14044
Air_India,AI-806,Mumbai,Early_Morning,two_or_more,Morning,Chennai,Economy,24.92,14059
Air_India,AI-637,Mumbai,Evening,two_or_more,Night,Chennai,Economy,29.0,14076
Vistara,UK-954,Mumbai,Early_Morning,one,Evening,Chennai,Economy,10.33,14085
Vistara,UK-940,Mumbai,Evening,one,Evening,Chennai,Economy,20.58,14102
Air_India,AI-806,Mumbai,Early_Morning,one,Evening,Chennai,Economy,11.67,14107
Air_India,AI-809,Mumbai,Morning,one,Night,Chennai,Economy,13.17,14107
Air_India,AI-635,Mumbai,Early_Morning,one,Evening,Chennai,Economy,11.92,14116
Air_India,AI-635,Mumbai,Early_Morning,two_or_more,Early_Morning,Chennai,Economy,24.92,14164
Air_India,AI-675,Mumbai,Early_Morning,one,Night,Chennai,Economy,17.0,14171
Vistara,UK-970,Mumbai,Morning,one,Evening,Chennai,Economy,7.58,14189
Air_India,AI-806,Mumbai,Early_Morning,two_or_more,Night,Chennai,Economy,15.58,14196
Vistara,UK-960,Mumbai,Morning,one,Night,Chennai,Economy,10.83,14201
Vistara,UK-960,Mumbai,Morning,one,Night,Chennai,Economy,8.33,14215
Vistara,UK-902,Mumbai,Afternoon,one,Evening,Chennai,Economy,24.58,14226
Air_India,AI-442,Mumbai,Afternoon,two_or_more,Morning,Chennai,Economy,17.33,14237
Vistara,UK-950,Mumbai,Night,one,Evening,Chennai,Economy,18.42,14247
Vistara,UK-986,Mumbai,Night,one,Evening,Chennai,Economy,17.58,14263
Vistara,UK-958,Mumbai,Afternoon,one,Night,Chennai,Economy,7.83,14265
Vistara,UK-970,Mumbai,Morning,one,Night,Chennai,Economy,11.5,14280
Air_India,AI-867,Mumbai,Night,one,Evening,Chennai,Economy,18.75,14281
Air_India,AI-806,Mumbai,Early_Morning,two_or_more,Evening,Chennai,Economy,11.0,14294
Air_India,AI-660,Mumbai,Evening,one,Morning,Chennai,Economy,14.75,14300
Air_India,AI-635,Mumbai,Early_Morning,two_or_more,Morning,Chennai,Economy,25.83,14301
Air_India,AI-637,Mumbai,Evening,two_or_more,Afternoon,Chennai,Economy,18.08,14322
Air_India,AI-687,Mumbai,Afternoon,one,Afternoon,Chennai,Economy,20.67,14324
Air_India,AI-806,Mumbai,Early_Morning,one,Evening,Chennai,Economy,11.0,14352
Air_India,AI-809,Mumbai,Morning,two_or_more,Morning,Chennai,Economy,22.92,14364
Air_India,AI-774,Mumbai,Night,one,Night,Chennai,Economy,26.25,14380
Air_India,AI-806,Mumbai,Early_Morning,one,Night,Chennai,Economy,13.33,14420
Vistara,UK-928,Mumbai,Early_Morning,one,Evening,Chennai,Economy,9.83,14453
Air_India,AI-687,Mumbai,Afternoon,one,Evening,Chennai,Economy,27.0,14458
Air_India,AI-635,Mumbai,Early_Morning,one,Evening,Chennai,Economy,12.58,14497
Air_India,AI-660,Mumbai,Evening,one,Night,Chennai,Economy,28.58,14544
Air_India,AI-806,Mumbai,Early_Morning,two_or_more,Early_Morning,Chennai,Economy,24.0,14574
Air_India,AI-660,Mumbai,Evening,two_or_more,Morning,Chennai,Economy,14.92,14577
Air_India,AI-442,Mumbai,Afternoon,two_or_more,Early_Morning,Chennai,Economy,16.42,14609
Air_India,AI-681,Mumbai,Evening,one,Evening,Chennai,Economy,25.75,14622
Vistara,UK-902,Mumbai,Afternoon,one,Night,Chennai,Economy,28.5,14629
Air_India,AI-809,Mumbai,Morning,two_or_more,Evening,Chennai,Economy,9.0,14660
Vistara,UK-930,Mumbai,Early_Morning,one,Evening,Chennai,Economy,8.83,14661
Air_India,AI-675,Mumbai,Early_Morning,one,Evening,Chennai,Economy,10.92,14676
Air_India,AI-442,Mumbai,Afternoon,two_or_more,Evening,Chennai,Economy,27.42,14681
Air_India,AI-774,Mumbai,Night,one,Evening,Chennai,Economy,20.58,14690
Air_India,AI-635,Mumbai,Early_Morning,two_or_more,Night,Chennai,Economy,16.5,14705
Air_India,AI-660,Mumbai,Evening,two_or_more,Afternoon,Chennai,Economy,18.67,14705
Air_India,AI-687,Mumbai,Afternoon,one,Night,Chennai,Economy,7.58,14708
Air_India,AI-675,Mumbai,Early_Morning,one,Night,Chennai,Economy,15.17,14750
Air_India,AI-774,Mumbai,Night,one,Evening,Chennai,Economy,22.75,14787
Air_India,AI-774,Mumbai,Night,one,Morning,Chennai,Economy,14.08,14800
Air_India,AI-9030,Mumbai,Early_Morning,two_or_more,Evening,Chennai,Economy,8.25,14802
Air_India,AI-809,Mumbai,Morning,two_or_more,Early_Morning,Chennai,Economy,22.0,14825
Vistara,UK-902,Mumbai,Afternoon,one,Morning,Chennai,Economy,18.17,14842
Air_India,AI-635,Mumbai,Early_Morning,two_or_more,Evening,Chennai,Economy,11.92,14856
Air_India,AI-651,Mumbai,Morning,two_or_more,Afternoon,Chennai,Economy,26.83,14897
Air_India,AI-774,Mumbai,Night,one,Morning,Chennai,Economy,13.75,14904
Air_India,AI-651,Mumbai,Morning,two_or_more,Morning,Chennai,Economy,23.08,14932
Air_India,AI-673,Mumbai,Early_Morning,one,Evening,Chennai,Economy,11.75,14935
Air_India,AI-643,Mumbai,Afternoon,two_or_more,Night,Chennai,Economy,33.25,14938
Air_India,AI-774,Mumbai,Night,one,Evening,Chennai,Economy,20.17,14939
Air_India,AI-687,Mumbai,Afternoon,one,Night,Chennai,Economy,30.58,14946
Air_India,AI-637,Mumbai,Evening,two_or_more,Morning,Chennai,Economy,14.33,14957
Air_India,AI-669,Mumbai,Morning,two_or_more,Morning,Chennai,Economy,20.92,14979
Air_India,AI-864,Mumbai,Early_Morning,two_or_more,Evening,Chennai,Economy,12.0,14994
Air_India,AI-673,Mumbai,Early_Morning,one,Evening,Chennai,Economy,9.17,15009
Air_India,AI-442,Mumbai,Afternoon,two_or_more,Night,Chennai,Economy,8.0,15015
Vistara,UK-902,Mumbai,Afternoon,one,Night,Chennai,Economy,7.0,15088
Air_India,AI-687,Mumbai,Afternoon,two_or_more,Morning,Chennai,Economy,16.92,15098
Air_India,AI-637,Mumbai,Evening,two_or_more,Evening,Chennai,Economy,24.42,15100
Air_India,AI-809,Mumbai,Morning,two_or_more,Night,Chennai,Economy,13.58,15152
Air_India,AI-675,Mumbai,Early_Morning,one,Morning,Chennai,Economy,28.83,15160
Air_India,AI-660,Mumbai,Evening,two_or_more,Evening,Chennai,Economy,25.0,15224
Air_India,AI-687,Mumbai,Afternoon,two_or_more,Early_Morning,Chennai,Economy,16.0,15227
Air_India,AI-667,Mumbai,Evening,two_or_more,Afternoon,Chennai,Economy,19.5,15325
Air_India,AI-660,Mumbai,Evening,two_or_more,Early_Morning,Chennai,Economy,14.0,15354
Air_India,AI-660,Mumbai,Evening,one,Night,Chennai,Economy,29.92,15375
Air_India,AI-687,Mumbai,Afternoon,one,Night,Chennai,Economy,31.92,15403
Air_India,AI-675,Mumbai,Early_Morning,one,Morning,Chennai,Economy,28.5,15455
Air_India,AI-651,Mumbai,Morning,two_or_more,Evening,Chennai,Economy,33.17,15502
Vistara,UK-875,Mumbai,Evening,two_or_more,Night,Chennai,Economy,27.42,15517
Air_India,AI-673,Mumbai,Early_Morning,two_or_more,Evening,Chennai,Economy,11.08,15523
Air_India,AI-651,Mumbai,Morning,two_or_more,Evening,Chennai,Economy,33.83,15547
Vistara,UK-877,Mumbai,Morning,two_or_more,Morning,Chennai,Economy,23.17,15657
Vistara,UK-873,Mumbai,Early_Morning,two_or_more,Night,Chennai,Economy,16.42,15782
Air_India,AI-651,Mumbai,Morning,two_or_more,Night,Chennai,Economy,37.75,15893
Air_India,AI-687,Mumbai,Afternoon,two_or_more,Night,Chennai,Economy,7.58,15917
Air_India,AI-669,Mumbai,Morning,two_or_more,Afternoon,Chennai,Economy,24.67,15976
Air_India,AI-687,Mumbai,Afternoon,two_or_more,Evening,Chennai,Economy,27.0,16000
Air_India,AI-669,Mumbai,Morning,two_or_more,Evening,Chennai,Economy,31.0,16260
Air_India,AI-673,Mumbai,Early_Morning,two_or_more,Night,Chennai,Economy,15.67,16323
Vistara,UK-873,Mumbai,Early_Morning,two_or_more,Night,Chennai,Economy,13.92,16409
Vistara,UK-873,Mumbai,Early_Morning,two_or_more,Morning,Chennai,Economy,27.58,16457
Vistara,UK-875,Mumbai,Evening,two_or_more,Night,Chennai,Economy,24.92,16509
Vistara,UK-875,Mumbai,Evening,two_or_more,Evening,Chennai,Economy,21.0,17022
Vistara,UK-873,Mumbai,Early_Morning,two_or_more,Evening,Chennai,Economy,10.0,17055
Vistara,UK-863,Mumbai,Morning,two_or_more,Morning,Chennai,Economy,24.83,17066
Vistara,UK-877,Mumbai,Morning,two_or_more,Night,Chennai,Economy,9.5,17308
Vistara,UK-851,Mumbai,Early_Morning,two_or_more,Morning,Chennai,Economy,26.92,17354
Vistara,UK-877,Mumbai,Morning,two_or_more,Night,Chennai,Economy,12.0,17375
Vistara,UK-851,Mumbai,Early_Morning,two_or_more,Night,Chennai,Economy,15.75,17492
Vistara,UK-651,Mumbai,Evening,two_or_more,Night,Chennai,Economy,30.67,17611
Vistara,UK-863,Mumbai,Morning,two_or_more,Night,Chennai,Economy,13.67,17931
Vistara,UK-851,Mumbai,Early_Morning,two_or_more,Night,Chennai,Economy,37.25,18016
Vistara,UK-851,Mumbai,Early_Morning,two_or_more,Night,Chennai,Economy,13.25,18303
Vistara,UK-655,Mumbai,Morning,two_or_more,Morning,Chennai,Economy,22.42,18325
Vistara,UK-613,Mumbai,Afternoon,two_or_more,Evening,Chennai,Economy,28.08,18337
Vistara,UK-849,Mumbai,Evening,two_or_more,Morning,Chennai,Economy,16.42,18375
Vistara,UK-851,Mumbai,Early_Morning,two_or_more,Evening,Chennai,Economy,9.33,18401
Vistara,UK-852,Mumbai,Afternoon,two_or_more,Night,Chennai,Economy,8.08,18416
Vistara,UK-851,Mumbai,Early_Morning,two_or_more,Night,Chennai,Economy,39.75,18547
Vistara,UK-613,Mumbai,Afternoon,two_or_more,Morning,Chennai,Economy,21.67,18633
Vistara,UK-653,Mumbai,Early_Morning,two_or_more,Night,Chennai,Economy,16.75,18664
Vistara,UK-851,Mumbai,Early_Morning,two_or_more,Evening,Chennai,Economy,33.33,18768
Vistara,UK-863,Mumbai,Morning,two_or_more,Night,Chennai,Economy,37.67,18824
Vistara,UK-863,Mumbai,Morning,two_or_more,Night,Chennai,Economy,35.17,18834
Vistara,UK-613,Mumbai,Afternoon,two_or_more,Night,Chennai,Economy,10.5,18836
Vistara,UK-863,Mumbai,Morning,two_or_more,Night,Chennai,Economy,11.17,18960
Vistara,UK-653,Mumbai,Early_Morning,two_or_more,Night,Chennai,Economy,14.25,19208
Vistara,UK-651,Mumbai,Evening,two_or_more,Night,Chennai,Economy,28.17,19275
Vistara,UK-863,Mumbai,Morning,two_or_more,Evening,Chennai,Economy,31.25,19331
Vistara,UK-845,Mumbai,Early_Morning,two_or_more,Night,Chennai,Economy,14.25,19414
Vistara,UK-655,Mumbai,Morning,two_or_more,Evening,Chennai,Economy,28.83,19491
Vistara,UK-845,Mumbai,Early_Morning,two_or_more,Night,Chennai,Economy,16.75,19494
Vistara,UK-852,Mumbai,Afternoon,two_or_more,Night,Chennai,Economy,10.58,19547
Vistara,UK-655,Mumbai,Morning,two_or_more,Night,Chennai,Economy,11.25,19785
Vistara,UK-841,Mumbai,Morning,two_or_more,Night,Chennai,Economy,11.33,20479
Vistara,UK-845,Mumbai,Early_Morning,two_or_more,Evening,Chennai,Economy,10.33,21127
Air_India,AI-671,Mumbai,Morning,zero,Morning,Chennai,Business,1.92,25431
Air_India,AI-570,Mumbai,Early_Morning,zero,Early_Morning,Chennai,Business,2.0,25734
Air_India,AI-570,Mumbai,Early_Morning,zero,Early_Morning,Chennai,Business,1.92,26366
Vistara,UK-825,Mumbai,Morning,zero,Morning,Chennai,Business,2.08,28059
Vistara,UK-823,Mumbai,Evening,zero,Evening,Chennai,Business,2.08,28770
Vistara,UK-821,Mumbai,Early_Morning,zero,Morning,Chennai,Business,2.08,29226
Vistara,UK-827,Mumbai,Night,zero,Night,Chennai,Business,2.08,29269
Air_India,AI-619,Mumbai,Evening,one,Night,Chennai,Business,4.5,35684
Air_India,AI-679,Mumbai,Morning,one,Evening,Chennai,Business,5.83,45497
Air_India,AI-623,Mumbai,Night,one,Night,Chennai,Business,25.33,46931
Air_India,AI-619,Mumbai,Night,one,Night,Chennai,Business,26.33,47240
Air_India,AI-615,Mumbai,Early_Morning,one,Night,Chennai,Business,16.83,49862
Air_India,AI-635,Mumbai,Early_Morning,one,Morning,Chennai,Business,25.83,50194
Air_India,AI-681,Mumbai,Evening,one,Evening,Chennai,Business,25.75,50401
Air_India,AI-660,Mumbai,Evening,one,Evening,Chennai,Business,25.0,50720
Air_India,AI-687,Mumbai,Afternoon,one,Afternoon,Chennai,Business,20.67,51446
Air_India,AI-442,Mumbai,Afternoon,one,Evening,Chennai,Business,27.42,51453
Air_India,AI-607,Mumbai,Evening,one,Afternoon,Chennai,Business,20.08,51593
Air_India,AI-687,Mumbai,Afternoon,one,Morning,Chennai,Business,16.92,52118
Air_India,AI-442,Mumbai,Afternoon,one,Afternoon,Chennai,Business,21.08,52300
Air_India,AI-635,Mumbai,Early_Morning,one,Night,Chennai,Business,16.5,52305
Air_India,AI-673,Mumbai,Early_Morning,one,Evening,Chennai,Business,9.17,52374
Air_India,AI-660,Mumbai,Evening,one,Afternoon,Chennai,Business,18.67,52483
Air_India,AI-635,Mumbai,Early_Morning,one,Night,Chennai,Business,14.25,52497
Air_India,AI-442,Mumbai,Afternoon,one,Morning,Chennai,Business,17.5,52516
Air_India,AI-635,Mumbai,Early_Morning,one,Evening,Chennai,Business,12.58,52547
Air_India,AI-867,Mumbai,Night,one,Night,Chennai,Business,25.67,52589
Air_India,AI-673,Mumbai,Early_Morning,one,Evening,Chennai,Business,11.75,52607
Air_India,AI-867,Mumbai,Night,one,Night,Chennai,Business,26.08,52635
Air_India,AI-809,Mumbai,Morning,one,Morning,Chennai,Business,22.33,52824
Air_India,AI-442,Mumbai,Afternoon,one,Night,Chennai,Business,8.17,52955
Air_India,AI-635,Mumbai,Early_Morning,one,Evening,Chennai,Business,11.92,53040
Air_India,AI-673,Mumbai,Early_Morning,one,Night,Chennai,Business,15.25,53120
Air_India,AI-673,Mumbai,Early_Morning,one,Night,Chennai,Business,13.42,53177
Air_India,AI-888,Mumbai,Evening,one,Evening,Chennai,Business,24.0,53265
Air_India,AI-888,Mumbai,Evening,one,Morning,Chennai,Business,13.92,53332
Air_India,AI-687,Mumbai,Afternoon,one,Night,Chennai,Business,7.58,53384
Air_India,AI-442,Mumbai,Afternoon,one,Morning,Chennai,Business,17.33,53430
Air_India,AI-809,Mumbai,Morning,one,Morning,Chennai,Business,22.92,53437
Air_India,AI-660,Mumbai,Evening,one,Morning,Chennai,Business,14.92,53507
Air_India,AI-864,Mumbai,Early_Morning,one,Night,Chennai,Business,16.58,53516
Air_India,AI-867,Mumbai,Night,one,Afternoon,Chennai,Business,15.17,53520
Air_India,AI-806,Mumbai,Early_Morning,one,Morning,Chennai,Business,24.92,53788
Air_India,AI-888,Mumbai,Evening,one,Afternoon,Chennai,Business,17.83,53875
Air_India,AI-442,Mumbai,Afternoon,one,Night,Chennai,Business,8.0,54053
Air_India,AI-809,Mumbai,Morning,one,Evening,Chennai,Business,9.0,54219
Air_India,AI-867,Mumbai,Night,one,Evening,Chennai,Business,21.5,54252
Air_India,AI-867,Mumbai,Night,one,Morning,Chennai,Business,11.42,54290
Air_India,AI-888,Mumbai,Evening,one,Afternoon,Chennai,Business,17.67,54294
Air_India,AI-809,Mumbai,Morning,one,Night,Chennai,Business,13.0,54355
Air_India,AI-864,Mumbai,Early_Morning,one,Evening,Chennai,Business,12.0,54358
Air_India,AI-867,Mumbai,Night,one,Night,Chennai,Business,23.83,54444
Air_India,AI-809,Mumbai,Morning,one,Night,Chennai,Business,13.17,54832
Air_India,AI-806,Mumbai,Early_Morning,one,Evening,Chennai,Business,11.0,54882
Air_India,AI-809,Mumbai,Morning,one,Evening,Chennai,Business,8.42,54907
Air_India,AI-806,Mumbai,Early_Morning,one,Evening,Chennai,Business,11.67,55035
Air_India,AI-809,Mumbai,Morning,one,Night,Chennai,Business,13.58,55235
Air_India,AI-806,Mumbai,Early_Morning,one,Night,Chennai,Business,15.58,56242
Air_India,AI-774,Mumbai,Night,one,Night,Chennai,Business,26.25,57333
Air_India,AI-774,Mumbai,Night,one,Night,Chennai,Business,24.42,57341
Air_India,AI-774,Mumbai,Night,one,Evening,Chennai,Business,22.75,57500
Air_India,AI-806,Mumbai,Early_Morning,one,Night,Chennai,Business,13.33,57855
Air_India,AI-774,Mumbai,Night,one,Evening,Chennai,Business,20.58,58156
Vistara,UK-954,Mumbai,Early_Morning,one,Evening,Chennai,Business,10.33,58222
Air_India,AI-774,Mumbai,Night,one,Morning,Chennai,Business,13.75,58414
Air_India,AI-774,Mumbai,Night,one,Morning,Chennai,Business,14.08,58594
Vistara,UK-954,Mumbai,Early_Morning,one,Night,Chennai,Business,14.25,58921
Air_India,AI-774,Mumbai,Night,one,Evening,Chennai,Business,20.17,58993
Air_India,AI-619,Mumbai,Night,two_or_more,Evening,Chennai,Business,22.75,59110
Vistara,UK-954,Mumbai,Early_Morning,one,Night,Chennai,Business,16.75,59242
Vistara,UK-958,Mumbai,Afternoon,one,Night,Chennai,Business,10.33,61313
Vistara,UK-958,Mumbai,Afternoon,one,Night,Chennai,Business,7.83,62274
Vistara,UK-928,Mumbai,Early_Morning,one,Night,Chennai,Business,15.75,65924
Vistara,UK-928,Mumbai,Early_Morning,one,Night,Chennai,Business,16.25,65972
Vistara,UK-875,Mumbai,Evening,two_or_more,Evening,Chennai,Business,21.0,66164
Vistara,UK-928,Mumbai,Early_Morning,one,Night,Chennai,Business,13.25,66444
Vistara,UK-928,Mumbai,Early_Morning,one,Evening,Chennai,Business,9.33,66580
Vistara,UK-928,Mumbai,Early_Morning,one,Evening,Chennai,Business,9.83,66598
Vistara,UK-928,Mumbai,Early_Morning,one,Night,Chennai,Business,13.75,67159
Vistara,UK-613,Mumbai,Afternoon,two_or_more,Night,Chennai,Business,10.5,67302
Vistara,UK-988,Mumbai,Night,one,Night,Chennai,Business,23.33,68024
Vistara,UK-988,Mumbai,Night,one,Night,Chennai,Business,25.83,68110
Vistara,UK-950,Mumbai,Night,one,Night,Chennai,Business,22.33,68218
Vistara,UK-960,Mumbai,Morning,one,Evening,Chennai,Business,28.42,68324
Vistara,UK-877,Mumbai,Morning,two_or_more,Night,Chennai,Business,9.5,68353
Vistara,UK-986,Mumbai,Night,one,Night,Chennai,Business,21.5,69299
Vistara,UK-960,Mumbai,Morning,one,Morning,Chennai,Business,22.0,69360
Vistara,UK-994,Mumbai,Morning,one,Evening,Chennai,Business,5.92,69551
Vistara,UK-996,Mumbai,Evening,one,Night,Chennai,Business,25.75,69713
Vistara,UK-986,Mumbai,Night,one,Morning,Chennai,Business,11.17,69798
Vistara,UK-988,Mumbai,Night,one,Evening,Chennai,Business,19.42,69844
Vistara,UK-873,Mumbai,Early_Morning,two_or_more,Evening,Chennai,Business,10.0,69849
Vistara,UK-940,Mumbai,Evening,one,Night,Chennai,Business,27.0,69849
Vistara,UK-994,Mumbai,Morning,one,Morning,Chennai,Business,23.5,70116
Vistara,UK-996,Mumbai,Evening,one,Night,Chennai,Business,28.25,70130
Vistara,UK-988,Mumbai,Night,one,Morning,Chennai,Business,13.0,70159
Vistara,UK-950,Mumbai,Night,one,Evening,Chennai,Business,18.42,70258
Vistara,UK-950,Mumbai,Night,one,Morning,Chennai,Business,12.0,70289
Vistara,UK-944,Mumbai,Afternoon,one,Morning,Chennai,Business,19.25,70740
Vistara,UK-994,Mumbai,Morning,one,Night,Chennai,Business,9.83,70854
Vistara,UK-996,Mumbai,Evening,one,Evening,Chennai,Business,21.83,70877
Vistara,UK-902,Mumbai,Afternoon,one,Night,Chennai,Business,7.0,70916
Vistara,UK-994,Mumbai,Morning,one,Night,Chennai,Business,12.33,70960
Vistara,UK-960,Mumbai,Morning,one,Night,Chennai,Business,10.83,70986
Vistara,UK-960,Mumbai,Morning,one,Night,Chennai,Business,8.33,71076
Vistara,UK-930,Mumbai,Early_Morning,one,Night,Chennai,Business,12.75,71099
Vistara,UK-940,Mumbai,Evening,one,Night,Chennai,Business,24.5,71106
Vistara,UK-902,Mumbai,Afternoon,one,Morning,Chennai,Business,18.17,71343
Vistara,UK-940,Mumbai,Evening,one,Evening,Chennai,Business,20.58,71405
Vistara,UK-986,Mumbai,Night,one,Evening,Chennai,Business,17.58,71443
Vistara,UK-944,Mumbai,Afternoon,one,Night,Chennai,Business,8.08,71501
Vistara,UK-930,Mumbai,Early_Morning,one,Evening,Chennai,Business,8.83,71811
Vistara,UK-910,Mumbai,Evening,one,Evening,Chennai,Business,22.75,71895
Vistara,UK-930,Mumbai,Early_Morning,one,Night,Chennai,Business,15.25,72020
Vistara,UK-863,Mumbai,Morning,two_or_more,Night,Chennai,Business,11.17,72169
Vistara,UK-996,Mumbai,Evening,one,Morning,Chennai,Business,15.42,72272
Vistara,UK-940,Mumbai,Evening,one,Morning,Chennai,Business,14.17,72379
Vistara,UK-910,Mumbai,Evening,one,Night,Chennai,Business,26.67,72406
Vistara,UK-851,Mumbai,Early_Morning,two_or_more,Evening,Chennai,Business,9.33,73083
Vistara,UK-910,Mumbai,Evening,one,Morning,Chennai,Business,16.33,73197
Vistara,UK-841,Mumbai,Morning,two_or_more,Night,Chennai,Business,11.33,74375
Vistara,UK-845,Mumbai,Early_Morning,two_or_more,Evening,Chennai,Business,10.33,75297
Vistara,UK-970,Mumbai,Morning,one,Night,Chennai,Business,11.5,76046
Vistara,UK-970,Mumbai,Morning,one,Evening,Chennai,Business,7.58,76591
Vistara,UK-970,Mumbai,Morning,one,Night,Chennai,Business,14.0,76989
